{"f1": 0.26351707408986014, "f2": 0.22748131693685242, "_runtime": 20426.490286827087, "batch_size": 1024, "num_epochs": 20, "loss": 0.90082186460495, "_step": 387, "recall": 0.26207427602307826, "precision": 0.8368119103048743, "kld_weight": 1.0, "lr": 0.01, "mttd": 170394.25, "_timestamp": 1701465029.8350787, "latent_size": 1, "dropout_rate": 0.0, "sequence_len": 1, "train_time": 3.7775765, "num_eval_samples": 5}