{"train_precision": 0.9624413145539906, "train_recall": 0.6269113149847095, "train_f1": 0.7592592592592593, "train_f2": 0.6738987508218277, "train_mttd": 195020.0, "test_precision": 0.9624413145539906, "test_recall": 0.6269113149847095, "test_f1": 0.7592592592592593, "test_f2": 0.6738987508218277, "test_mttd": 195020.0, "loss": 0.5764897465705872, "epoch": 134, "_timestamp": 1701661394.2015884, "_runtime": 130.06982350349426, "_step": 134, "_wandb": {"runtime": 130}}