{"train_precision": 0.17754318618042225, "train_recall": 1.0, "train_f1": 0.3015484922575387, "train_f2": 0.5190796857463523, "train_mttd": 13575.0, "test_precision": 0.11912751677852348, "test_recall": 1.0, "test_f1": 0.2128935532233883, "test_f2": 0.4034090909090909, "test_mttd": 18553.0, "loss": 0.026642099022865295, "epoch": 273, "_timestamp": 1701674092.2267349, "_runtime": 226.58439993858337, "_step": 273, "_wandb": {"runtime": 225}}