{"train_precision": 0.8906882591093117, "train_recall": 0.672782874617737, "train_f1": 0.7665505226480835, "train_f2": 0.7073954983922829, "train_mttd": 170493.0, "test_precision": 0.8906882591093117, "test_recall": 0.672782874617737, "test_f1": 0.7665505226480835, "test_f2": 0.7073954983922829, "test_mttd": 170493.0, "loss": 2.1184089183807373, "epoch": 137, "_timestamp": 1701581951.0025303, "_runtime": 132.5094244480133, "_step": 137, "_wandb": {"runtime": 132}}