{"hidden_size": 16, "sequence_len": 15, "n_layers": [1, 1], "dropout": [0, 0], "lr": 0.0005, "batch_size": 512, "num_epochs": 30, "loss": 78.07810401916504, "precision": 0.4415908870939359, "recall": 0.2246959868672702, "f1": 0.2572697037977556, "f2": 0.22888320835716564, "mttd": 183723.375, "train_time": 8.96372075, "_timestamp": 1702507043.1146135, "_runtime": 7885.426369428635, "_step": 105, "_wandb": {"runtime": 7926}}