{"train_precision": 0.1906779661016949, "train_recall": 1.0, "train_f1": 0.3202846975088968, "train_f2": 0.5408653846153846, "train_mttd": 6569.0, "test_precision": 0.12022058823529412, "test_recall": 1.0, "test_f1": 0.21463734821135547, "test_f2": 0.4059086395233366, "test_mttd": 20605.0, "loss": 0.08882234990596771, "epoch": 499, "_timestamp": 1701673023.0493166, "_runtime": 424.3682646751404, "_step": 499, "_wandb": {"runtime": 424}}