{"train_precision": 0.8981481481481481, "train_recall": 0.5932721712538226, "train_f1": 0.714548802946593, "train_f2": 0.636482939632546, "train_mttd": 171422.0, "test_precision": 0.8981481481481481, "test_recall": 0.5932721712538226, "test_f1": 0.714548802946593, "test_f2": 0.636482939632546, "test_mttd": 171422.0, "loss": 2.1228206157684326, "epoch": 25, "_timestamp": 1701662788.2586539, "_runtime": 29.84843683242798, "_step": 25, "_wandb": {"runtime": 29}}