{"train_precision": 0.7307692307692307, "train_recall": 0.6162162162162163, "train_f1": 0.6686217008797655, "train_f2": 0.6361607142857143, "train_mttd": 146621.0, "test_precision": 0.5434782608695652, "test_recall": 0.176056338028169, "test_f1": 0.26595744680851063, "test_f2": 0.2035830618892508, "test_mttd": 147628.0, "loss": 0.0002843958791345358, "epoch": 499, "_timestamp": 1701665866.4154222, "_runtime": 325.04381108283997, "_step": 499, "_wandb": {"runtime": 323}}