{"train_precision": 0.6, "train_recall": 0.020642201834862386, "train_f1": 0.03991130820399113, "train_f2": 0.025582717453098355, "train_mttd": 199970.0, "test_precision": 0.1901639344262295, "test_recall": 0.06041666666666667, "test_f1": 0.09169960474308302, "test_f2": 0.06996381182147166, "test_mttd": 179750.0, "loss": 2637.697021484375, "epoch": 29, "_timestamp": 1703303797.0980573, "_runtime": 111.60931825637817, "_step": 29, "_wandb": {"runtime": 111}}