{"f1": 0.24510369171398036, "lr": 0.01, "recall": 0.21721950837264653, "f2": 0.21865592764321704, "mttd": 181880.625, "n_layers": [1, 1], "_timestamp": 1702527902.1269042, "num_epochs": 30, "hidden_size": 6, "dropout": [0, 0], "precision": 0.4254312710825518, "sequence_len": 25, "loss": 91.4043745994568, "_step": 168, "_runtime": 12744.860553264618, "batch_size": 256, "train_time": 14.26687025}