{"train_precision": 0.1453308596165739, "train_recall": 1.0, "train_f1": 0.25377969762419006, "train_f2": 0.4595228783730935, "train_mttd": 3969.0, "test_precision": 0.11769134253450439, "test_recall": 1.0, "test_f1": 0.21059721598563091, "test_f2": 0.4001023716089404, "test_mttd": 2400.0, "loss": 0.0013565149856731296, "epoch": 499, "_timestamp": 1701677121.913551, "_runtime": 296.64396810531616, "_step": 499, "_wandb": {"runtime": 295}}