{"train_precision": 0.14734774066797643, "train_recall": 1.0, "train_f1": 0.2568493150684932, "train_f2": 0.4635352286773795, "train_mttd": 0.0, "test_precision": 0.8561151079136691, "test_recall": 0.363914373088685, "test_f1": 0.5107296137339055, "test_f2": 0.41119557705597787, "test_mttd": 164312.0, "loss": 1.2670583724975586, "epoch": 37, "_timestamp": 1701662300.8602145, "_runtime": 32.46653437614441, "_step": 37, "_wandb": {"runtime": 32}}