{"train_precision": 0.6879194630872483, "train_recall": 0.6269113149847095, "train_f1": 0.6560000000000001, "train_f2": 0.6382316313823164, "train_mttd": 164876.0, "test_precision": 0.6879194630872483, "test_recall": 0.6269113149847095, "test_f1": 0.6560000000000001, "test_f2": 0.6382316313823164, "test_mttd": 164876.0, "loss": 3.3563356399536133, "epoch": 12, "_timestamp": 1701663220.5107899, "_runtime": 21.88557195663452, "_step": 12, "_wandb": {"runtime": 21}}