{"train_precision": 0.7391304347826086, "train_recall": 0.39906103286384975, "train_f1": 0.5182926829268293, "train_f2": 0.43950361944157185, "train_mttd": 142829.0, "test_precision": 0.9440559440559441, "test_recall": 0.47038327526132406, "test_f1": 0.627906976744186, "test_f2": 0.52285050348567, "test_mttd": 117144.0, "loss": 2.557783227530308e-05, "epoch": 499, "_timestamp": 1701677659.3643835, "_runtime": 264.945321559906, "_step": 499, "_wandb": {"runtime": 263}}