{"hidden_size": 1, "sequence_len": 10, "n_layers": [1, 1], "dropout": [0, 0], "lr": 0.0005, "batch_size": 256, "num_epochs": 30, "loss": 69.8007025718689, "precision": 0.41828321474918334, "recall": 0.24292382538569424, "f1": 0.25273380431449494, "f2": 0.23447588152432028, "mttd": 137432.5, "train_time": 6.5829604999999995, "_timestamp": 1702498872.513969, "_runtime": 62.67254304885864, "_step": 0, "_wandb": {"runtime": 99}}