{"hidden_size": 1, "sequence_len": 1, "lr": 0.005, "batch_size": 512, "num_epochs": 50, "alm_threshold": 1.8, "loss": 0.9013157095760107, "precision": 0.7840441980966775, "recall": 0.28113693952374313, "f1": 0.2889392077600299, "f2": 0.24547171041785484, "mttd": 158222.625, "train_time": 8.151645375000001, "_timestamp": 1701407819.1529331, "_runtime": 213.9362871646881, "_step": 2}