{"train_precision": 0.14734774066797643, "train_recall": 1.0, "train_f1": 0.2568493150684932, "train_f2": 0.4635352286773795, "train_mttd": 0.0, "test_precision": 0.0815868263473054, "test_recall": 1.0, "test_f1": 0.1508650519031142, "test_f2": 0.3075620767494357, "test_mttd": 0.0, "loss": 2.298865795135498, "epoch": 18, "_timestamp": 1701662987.3867676, "_runtime": 22.739486694335938, "_step": 18, "_wandb": {"runtime": 22}}