{"batch_size": 256, "num_epochs": 30, "train_time": 14.26687025, "recall": 0.21721950837264653, "dropout": [0, 0], "precision": 0.4254312710825518, "hidden_size": 6, "f1": 0.24510369171398036, "f2": 0.21865592764321704, "_step": 168, "_runtime": 12744.860553264618, "_timestamp": 1702527902.1269042, "lr": 0.01, "mttd": 181880.625, "sequence_len": 25, "loss": 91.4043745994568, "n_layers": [1, 1]}