{"train_precision": 0.6716417910447762, "train_recall": 1.0, "train_f1": 0.8035714285714287, "train_f2": 0.9109311740890688, "train_mttd": 101472.0, "test_precision": 0.7602339181286549, "test_recall": 0.7951070336391437, "test_f1": 0.7772795216741405, "test_f2": 0.7878787878787878, "test_mttd": 132605.0, "loss": 0.002202404662966728, "epoch": 98, "_timestamp": 1701675391.4758632, "_runtime": 61.03303933143616, "_step": 98, "_wandb": {"runtime": 60}}