{"train_precision": 0.4160756501182033, "train_recall": 0.8627450980392157, "train_f1": 0.5614035087719299, "train_f2": 0.7102502017756255, "train_mttd": 117907.0, "test_precision": 0.6425339366515838, "test_recall": 0.46557377049180326, "test_f1": 0.5399239543726236, "test_f2": 0.49271339347675225, "test_mttd": 162863.0, "loss": 0.0002305474190507084, "epoch": 499, "_timestamp": 1701675974.5392601, "_runtime": 269.79296112060547, "_step": 499, "_wandb": {"runtime": 268}}