{"train_precision": 0.2515576323987539, "train_recall": 1.0, "train_f1": 0.4019912881144991, "train_f2": 0.62694099378882, "train_mttd": 12620.0, "test_precision": 0.17525773195876287, "test_recall": 1.0, "test_f1": 0.2982456140350877, "test_f2": 0.5151515151515151, "test_mttd": 14838.0, "loss": 0.008962634019553661, "epoch": 499, "_timestamp": 1701673862.3059328, "_runtime": 419.94638085365295, "_step": 499, "_wandb": {"runtime": 418}}