{"hidden_size": 16, "f1": 0.2572697037977556, "mttd": 183723.375, "_step": 105, "batch_size": 512, "_timestamp": 1702507043.1146135, "num_epochs": 30, "lr": 0.0005, "loss": 78.07810401916504, "_runtime": 7885.426369428635, "n_layers": [1, 1], "precision": 0.4415908870939359, "f2": 0.22888320835716564, "recall": 0.2246959868672702, "dropout": [0, 0], "train_time": 8.96372075, "sequence_len": 15, "_wandb": {"runtime": 7971}}