{"train_precision": 0.5991561181434599, "train_recall": 0.6666666666666666, "train_f1": 0.6311111111111111, "train_f2": 0.6519742883379247, "train_mttd": 127244.0, "test_precision": 0.9342723004694836, "test_recall": 0.6933797909407665, "test_f1": 0.796, "test_f2": 0.7310800881704628, "test_mttd": 116989.0, "loss": 3.101809852523729e-05, "epoch": 499, "_timestamp": 1701667184.6908388, "_runtime": 311.3927628993988, "_step": 499, "_wandb": {"runtime": 309}}