{"train_precision": 0.19227144203581528, "train_recall": 1.0, "train_f1": 0.3225296442687747, "train_f2": 0.5434203516249334, "train_mttd": 16981.0, "test_precision": 0.12363194162950952, "test_recall": 1.0, "test_f1": 0.22005772005772006, "test_f2": 0.41361540547870895, "test_mttd": 24810.0, "loss": 0.03827165067195892, "epoch": 499, "_timestamp": 1701678419.2932541, "_runtime": 372.2353391647339, "_step": 499, "_wandb": {"runtime": 370}}