{"train_precision": 0.10120845921450151, "train_recall": 0.9436619718309859, "train_f1": 0.18281036834924966, "train_f2": 0.35412262156448204, "train_mttd": 35977.0, "test_precision": 0.11795435798735221, "test_recall": 1.0, "test_f1": 0.21101819970486962, "test_f2": 0.40070988230898563, "test_mttd": 8616.0, "loss": 0.0006789863109588623, "epoch": 499, "_timestamp": 1701679545.4135776, "_runtime": 373.53884649276733, "_step": 499, "_wandb": {"runtime": 372}}