{"train_precision": 0.4610655737704918, "train_recall": 1.0, "train_f1": 0.6311360448807853, "train_f2": 0.8105187319884726, "train_mttd": 73071.0, "test_precision": 0.42, "test_recall": 0.963302752293578, "test_f1": 0.584958217270195, "test_f2": 0.7653061224489797, "test_mttd": 95400.0, "loss": 0.00014169039786793292, "epoch": 499, "_timestamp": 1701664833.5269015, "_runtime": 354.1869144439697, "_step": 499, "_wandb": {"runtime": 353}}