{"train_precision": 0.6972477064220184, "train_recall": 0.8216216216216217, "train_f1": 0.7543424317617866, "train_f2": 0.7933194154488518, "train_mttd": 166958.0, "test_precision": 0.5163934426229508, "test_recall": 0.22183098591549297, "test_f1": 0.3103448275862069, "test_f2": 0.2503974562798092, "test_mttd": 163152.0, "loss": 5.162257730262354e-05, "epoch": 499, "_timestamp": 1701676533.1652918, "_runtime": 268.13794589042664, "_step": 499, "_wandb": {"runtime": 266}}