{"train_precision": 0.3026315789473684, "train_recall": 0.323943661971831, "train_f1": 0.3129251700680272, "train_f2": 0.3194444444444445, "train_mttd": 171846.0, "test_precision": 0.11807580174927114, "test_recall": 0.9440559440559441, "test_f1": 0.20989893754858768, "test_f2": 0.3935095219588029, "test_mttd": 6867.0, "loss": 3.887686398229562e-05, "epoch": 499, "_timestamp": 1701676820.1161542, "_runtime": 283.0180881023407, "_step": 499, "_wandb": {"runtime": 281}}