{"train_precision": 0.14734774066797643, "train_recall": 1.0, "train_f1": 0.2568493150684932, "train_f2": 0.4635352286773795, "train_mttd": 0.0, "test_precision": 0.0815868263473054, "test_recall": 1.0, "test_f1": 0.1508650519031142, "test_f2": 0.3075620767494357, "test_mttd": 0.0, "loss": 2.0140740871429443, "epoch": 37, "_timestamp": 1701671139.3444574, "_runtime": 33.8858163356781, "_step": 37, "_wandb": {"runtime": 33}}