{"train_precision": 0.9141104294478528, "train_recall": 0.45565749235474007, "train_f1": 0.6081632653061224, "train_f2": 0.5064581917063221, "train_mttd": 201376.0, "test_precision": 0.9141104294478528, "test_recall": 0.45565749235474007, "test_f1": 0.6081632653061224, "test_f2": 0.5064581917063221, "test_mttd": 201376.0, "loss": 0.818506121635437, "epoch": 291, "_timestamp": 1701663567.9873893, "_runtime": 269.1024532318115, "_step": 291, "_wandb": {"runtime": 268}}