{"num_epochs": 30, "f1": 0.24510369171398036, "lr": 0.01, "recall": 0.21721950837264653, "_runtime": 12744.860553264618, "batch_size": 256, "_step": 168, "train_time": 14.26687025, "hidden_size": 6, "f2": 0.21865592764321704, "loss": 91.4043745994568, "dropout": [0, 0], "n_layers": [1, 1], "mttd": 181880.625, "precision": 0.4254312710825518, "_timestamp": 1702527902.1269042, "sequence_len": 25}