{"train_precision": 0.33868092691622104, "train_recall": 0.9313725490196079, "train_f1": 0.49673202614379086, "train_f2": 0.6899055918663761, "train_mttd": 114804.0, "test_precision": 0.6506849315068494, "test_recall": 0.6229508196721312, "test_f1": 0.6365159128978225, "test_f2": 0.6283068783068784, "test_mttd": 157897.0, "loss": 0.00014084002759773284, "epoch": 499, "_timestamp": 1701665189.4596248, "_runtime": 352.7444067001343, "_step": 499, "_wandb": {"runtime": 351}}