{"train_precision": 0.6506849315068494, "train_recall": 0.581039755351682, "train_f1": 0.6138933764135703, "train_f2": 0.5937500000000001, "train_mttd": 165509.0, "test_precision": 0.6506849315068494, "test_recall": 0.581039755351682, "test_f1": 0.6138933764135703, "test_f2": 0.5937500000000001, "test_mttd": 165509.0, "loss": 2.9581501483917236, "epoch": 12, "_timestamp": 1701662839.9786184, "_runtime": 20.82251739501953, "_step": 12, "_wandb": {"runtime": 20}}