{"train_precision": 0.2682038834951456, "train_recall": 0.9404255319148936, "train_f1": 0.41737488196411715, "train_f2": 0.6264172335600907, "train_mttd": 77855.0, "test_precision": 0.36863711001642036, "test_recall": 0.9573560767590619, "test_f1": 0.5323058684054535, "test_f2": 0.7255979314802844, "test_mttd": 60344.0, "loss": 0.000614280579611659, "epoch": 499, "_timestamp": 1701666555.2076437, "_runtime": 333.3864028453827, "_step": 499, "_wandb": {"runtime": 331}}