{"train_precision": 0.17391304347826086, "train_recall": 0.5633802816901409, "train_f1": 0.26578073089701, "train_f2": 0.38910505836575876, "train_mttd": 87663.0, "test_precision": 0.1270229007633588, "test_recall": 0.9696969696969697, "test_f1": 0.224622030237581, "test_f2": 0.41675015027048695, "test_mttd": 34681.0, "loss": 2.4071669031400234e-06, "epoch": 499, "_timestamp": 1701666217.5255167, "_runtime": 346.9112446308136, "_step": 499, "_wandb": {"runtime": 345}}