{"train_precision": 0.16017316017316016, "train_recall": 1.0, "train_f1": 0.2761194029850746, "train_f2": 0.4881266490765171, "train_mttd": 5150.0, "test_precision": 0.1016827783745077, "test_recall": 1.0, "test_f1": 0.1845953851153721, "test_f2": 0.3614151183507254, "test_mttd": 14494.0, "loss": 0.0306259598582983, "epoch": 499, "_timestamp": 1701679168.5296857, "_runtime": 366.86050963401794, "_step": 499, "_wandb": {"runtime": 365}}