{"train_precision": 0.3768844221105528, "train_recall": 1.0, "train_f1": 0.5474452554744526, "train_f2": 0.7515030060120241, "train_mttd": 42873.0, "test_precision": 0.0815868263473054, "test_recall": 1.0, "test_f1": 0.1508650519031142, "test_f2": 0.3075620767494357, "test_mttd": 0.0, "loss": 29.37383270263672, "epoch": 65, "_timestamp": 1701671361.8459816, "_runtime": 45.879971504211426, "_step": 65, "_wandb": {"runtime": 45}}