{"latent_size": 16, "sequence_len": 16, "kld_weight": 1.0, "dropout_rate": 0.0, "num_eval_samples": 10, "lr": 0.01, "batch_size": 1024, "num_epochs": 20, "loss": 0.8986068591475487, "precision": 0.35930189849341226, "recall": 0.15368109453809742, "f1": 0.09478877213632118, "f2": 0.0945115147206048, "mttd": 76711.625, "train_time": 4.90272525, "_timestamp": 1701429524.4039772, "_runtime": 20286.35709810257, "_step": 383, "_wandb": {"runtime": 20285}}