{"f1": 0.24510369171398036, "dropout": [0, 0], "n_layers": [1, 1], "hidden_size": 6, "precision": 0.4254312710825518, "num_epochs": 30, "_step": 168, "_runtime": 12744.860553264618, "batch_size": 256, "sequence_len": 25, "f2": 0.21865592764321706, "lr": 0.01, "mttd": 181880.625, "train_time": 14.26687025, "loss": 91.40437459945679, "recall": 0.21721950837264653, "_timestamp": 1702527902.1269042, "_wandb": {"runtime": 12775}}