{"mttd": 181880.625, "loss": 91.4043745994568, "_runtime": 12744.860553264618, "precision": 0.4254312710825518, "train_time": 14.26687025, "sequence_len": 25, "f1": 0.24510369171398036, "lr": 0.01, "_timestamp": 1702527902.1269042, "batch_size": 256, "num_epochs": 30, "f2": 0.21865592764321704, "n_layers": [1, 1], "dropout": [0, 0], "hidden_size": 6, "_step": 168, "recall": 0.21721950837264653}