{"train_precision": 0.8122743682310469, "train_recall": 1.0, "train_f1": 0.896414342629482, "train_f2": 0.9558198810535259, "train_mttd": 110455.0, "test_precision": 0.8767123287671232, "test_recall": 0.5871559633027523, "test_f1": 0.7032967032967034, "test_f2": 0.6286836935166995, "test_mttd": 166936.0, "loss": 217.26223754882812, "epoch": 144, "_timestamp": 1701671468.4209754, "_runtime": 96.14165234565735, "_step": 144, "_wandb": {"runtime": 96}}