{"hidden_size": 1, "sequence_len": 1, "lr": 0.0005, "batch_size": 512, "num_epochs": 50, "loss": 1.1166556775569916, "precision": 0.7955138389849221, "recall": 0.28166998856425485, "f1": 0.2901158307298656, "f2": 0.24628091216943954, "mttd": 150861.75, "train_time": 7.078911750000001, "_timestamp": 1701468332.488913, "_runtime": 65.32269215583801, "_step": 0, "_wandb": {"runtime": 116}}