{"_step": 59, "test_mttd": 161183.0, "train_recall": 0.02522935779816514, "loss": 2547.002197265625, "_runtime": 216.8528778553009, "train_f1": 0.04793028322440088, "_timestamp": 1703303908.446683, "epoch": 29, "test_f1": 0.10773638968481375, "test_recall": 0.09791666666666667, "test_precision": 0.1197452229299363, "test_f2": 0.10162162162162161, "train_f2": 0.031126202603282402, "train_mttd": 131990.0, "train_precision": 0.4782608695652174, "_wandb": {"runtime": 215}}