{"train_precision": 0.20178041543026706, "train_recall": 1.0, "train_f1": 0.3358024691358025, "train_f2": 0.5582922824302134, "train_mttd": 25953.0, "test_precision": 0.13863636363636364, "test_recall": 1.0, "test_f1": 0.2435129740518962, "test_f2": 0.44590643274853803, "test_mttd": 35769.0, "loss": 0.03925822675228119, "epoch": 499, "_timestamp": 1701673437.7306201, "_runtime": 410.62421202659607, "_step": 499, "_wandb": {"runtime": 409}}