{"train_precision": 0.3929440389294404, "train_recall": 1.0, "train_f1": 0.5641921397379912, "train_f2": 0.7639545884578998, "train_mttd": 70053.0, "test_precision": 0.2827973455844819, "test_recall": 0.9875222816399287, "test_f1": 0.4396825396825397, "test_f2": 0.6590530573399953, "test_mttd": 61515.0, "loss": 4.311982047511265e-05, "epoch": 499, "_timestamp": 1701665537.413279, "_runtime": 343.39121294021606, "_step": 499, "_wandb": {"runtime": 341}}