{"train_precision": 0.9183673469387755, "train_recall": 0.41284403669724773, "train_f1": 0.5696202531645569, "train_f2": 0.46391752577319584, "train_mttd": 166362.0, "test_precision": 0.9183673469387755, "test_recall": 0.41284403669724773, "test_f1": 0.5696202531645569, "test_f2": 0.46391752577319584, "test_mttd": 166362.0, "loss": 2.0681638717651367, "epoch": 20, "_timestamp": 1701662623.6827326, "_runtime": 27.13493251800537, "_step": 20, "_wandb": {"runtime": 26}}