{"hidden_size": 16, "sequence_len": 16, "lr": 0.01, "batch_size": 512, "num_epochs": 50, "loss": 0.5548584740608931, "precision": 0.390671520768244, "recall": 0.16948133415704483, "f1": 0.11398103704551414, "f2": 0.11144817355335825, "mttd": 65300.375, "train_time": 11.408901250000001, "_timestamp": 1701427080.125287, "_runtime": 19086.707232952118, "_step": 191, "_wandb": {"runtime": 19086}}