{"train_precision": 0.18262987012987014, "train_recall": 1.0, "train_f1": 0.30885380919698013, "train_f2": 0.5276735459662288, "train_mttd": 4262.0, "test_precision": 0.11252580867171369, "test_recall": 1.0, "test_f1": 0.2022888957624497, "test_f2": 0.3879924062648315, "test_mttd": 8629.0, "loss": 266.56158447265625, "epoch": 217, "_timestamp": 1701671729.115166, "_runtime": 188.12764406204224, "_step": 217, "_wandb": {"runtime": 187}}