{"train_precision": 0.1835236541598695, "train_recall": 1.0, "train_f1": 0.31013094417643006, "train_f2": 0.5291627469426152, "train_mttd": 275.0, "test_precision": 0.1111111111111111, "test_recall": 1.0, "test_f1": 0.19999999999999998, "test_f2": 0.38461538461538464, "test_mttd": 5840.0, "loss": 0.08683505654335022, "epoch": 499, "_timestamp": 1701678043.0256202, "_runtime": 377.88281512260437, "_step": 499, "_wandb": {"runtime": 376}}