{"train_precision": 0.14063435068821065, "train_recall": 1.0, "train_f1": 0.2465897166841553, "train_f2": 0.4500191497510532, "train_mttd": 0.0, "test_precision": 0.11701596806387225, "test_recall": 1.0, "test_f1": 0.20951530042439132, "test_f2": 0.39853840924541123, "test_mttd": 1824.0, "loss": 0.040583111345767975, "epoch": 499, "_timestamp": 1701679937.2366333, "_runtime": 387.13689136505127, "_step": 499, "_wandb": {"runtime": 385}}