{"train_precision": 0.14734774066797643, "train_recall": 1.0, "train_f1": 0.2568493150684932, "train_f2": 0.4635352286773795, "train_mttd": 0.0, "test_precision": 0.0815868263473054, "test_recall": 1.0, "test_f1": 0.1508650519031142, "test_f2": 0.3075620767494357, "test_mttd": 0.0, "loss": 4.075693130493164, "epoch": 318, "_timestamp": 1701587708.1977844, "_runtime": 233.29980039596558, "_step": 318, "_wandb": {"runtime": 233}}