{"train_precision": 0.20465116279069767, "train_recall": 0.9166666666666666, "train_f1": 0.33460076045627374, "train_f2": 0.5405405405405405, "train_mttd": 80274.0, "test_precision": 0.2209775967413442, "test_recall": 0.9730941704035875, "test_f1": 0.36016597510373444, "test_f2": 0.5789754535752402, "test_mttd": 55573.0, "loss": 0.0009254646138288081, "epoch": 499, "_timestamp": 1701680300.3818011, "_runtime": 359.8911371231079, "_step": 499, "_wandb": {"runtime": 358}}