{"train_precision": 0.2845814977973568, "train_recall": 1.0, "train_f1": 0.44307270233196155, "train_f2": 0.6654305727235269, "train_mttd": 34020.0, "test_precision": 0.2219145569620253, "test_recall": 1.0, "test_f1": 0.3632243444480414, "test_f2": 0.5878038558256495, "test_mttd": 28167.0, "loss": 0.00806131400167942, "epoch": 499, "_timestamp": 1701678798.5515602, "_runtime": 375.12079405784607, "_step": 499, "_wandb": {"runtime": 373}}