{"train_precision": 0.14734774066797643, "train_recall": 1.0, "train_f1": 0.2568493150684932, "train_f2": 0.4635352286773795, "train_mttd": 0.0, "test_precision": 0.0815868263473054, "test_recall": 1.0, "test_f1": 0.1508650519031142, "test_f2": 0.3075620767494357, "test_mttd": 0.0, "loss": 1.0083982944488525, "epoch": 97, "_timestamp": 1701670987.1888857, "_runtime": 66.61856269836426, "_step": 97, "_wandb": {"runtime": 66}}