{"train_precision": 0.26, "train_recall": 0.6770833333333334, "train_f1": 0.3757225433526012, "train_f2": 0.5126182965299684, "train_mttd": 103113.0, "test_precision": 0.3724340175953079, "test_recall": 0.5695067264573991, "test_f1": 0.450354609929078, "test_f2": 0.5150040551500406, "test_mttd": 83781.0, "loss": 7.320749318751041e-06, "epoch": 499, "_timestamp": 1701677390.6242852, "_runtime": 264.3351192474365, "_step": 499, "_wandb": {"runtime": 263}}