{"train_precision": 0.14734774066797643, "train_recall": 1.0, "train_f1": 0.2568493150684932, "train_f2": 0.4635352286773795, "train_mttd": 0.0, "test_precision": 0.9447236180904522, "test_recall": 0.5749235474006116, "test_f1": 0.7148288973384029, "test_f2": 0.623755806237558, "test_mttd": 197320.0, "loss": 0.0005173845565877855, "epoch": 111, "_timestamp": 1701664466.8164365, "_runtime": 86.75090861320496, "_step": 111, "_wandb": {"runtime": 86}}