{"train_precision": 0.18610421836228289, "train_recall": 1.0, "train_f1": 0.3138075313807531, "train_f2": 0.5334281650071124, "train_mttd": 25804.0, "test_precision": 0.11350225616105519, "test_recall": 1.0, "test_f1": 0.2038653366583541, "test_f2": 0.3903079493912629, "test_mttd": 14845.0, "loss": 0.05797337368130684, "epoch": 499, "_timestamp": 1701675699.1073692, "_runtime": 294.76160407066345, "_step": 499, "_wandb": {"runtime": 294}}