{"hidden_size": 1, "sequence_len": 10, "n_layers": [1, 1], "dropout": [0, 0], "lr": 0.001, "batch_size": 256, "num_epochs": 30, "loss": 63.900527000427246, "precision": 0.4650779342185592, "recall": 0.2182949764120872, "f1": 0.2364426572449682, "f2": 0.20887904915871877, "mttd": 149152.125, "train_time": 6.3675602499999995, "_timestamp": 1702499105.3089006, "_runtime": 112.65460848808289, "_step": 1, "_wandb": {"runtime": 132}}