{"train_precision": 0.29204339963833637, "train_recall": 1.0, "train_f1": 0.4520643806857943, "train_f2": 0.6734778982485404, "train_mttd": 20851.0, "test_precision": 0.29840425531914894, "test_recall": 1.0, "test_f1": 0.45964768537484635, "test_f2": 0.680164888457808, "test_mttd": 60882.0, "loss": 0.0002933558716904372, "epoch": 499, "_timestamp": 1701676260.294272, "_runtime": 281.4053349494934, "_step": 499, "_wandb": {"runtime": 280}}