{"train_precision": 0.3825242718446602, "train_recall": 0.9248826291079812, "train_f1": 0.5412087912087912, "train_f2": 0.7205559619604975, "train_mttd": 80663.0, "test_precision": 0.43050847457627117, "test_recall": 0.8850174216027874, "test_f1": 0.5792474344355758, "test_f2": 0.7307249712313004, "test_mttd": 102627.0, "loss": 0.0013733931118622422, "epoch": 499, "_timestamp": 1701680659.3202918, "_runtime": 354.6694588661194, "_step": 499, "_wandb": {"runtime": 353}}