{"train_precision": 0.2507836990595611, "train_recall": 0.8333333333333334, "train_f1": 0.3855421686746987, "train_f2": 0.5689900426742531, "train_mttd": 96689.0, "test_precision": 0.3669950738916256, "test_recall": 0.6681614349775785, "test_f1": 0.47376788553259147, "test_f2": 0.573959938366718, "test_mttd": 80485.0, "loss": 6.00976136411191e-06, "epoch": 499, "_timestamp": 1701666870.0895064, "_runtime": 310.9894824028015, "_step": 499, "_wandb": {"runtime": 309}}